Country,Carrier,Model_Type,Jan,Feb,Mar,Apr,May,Jun,Jul,Aug,Sep,Oct,Nov,Dec
Austria,Blipper,1,2,2,,4,4,8,4,2,2,4,,
Austria,Blipper,2,8,4,28,20,12,8,4,16,12,20,15,20
Austria,Blipper,3,25,24,30,14,48,18,10,24,6,63,24,16
Austria,Blipper,4,63,60,99,132,44,60,45,30,110,60,156,78
Austria,Blipper,5,99,108,143,56,91,132,110,108,143,42,210,208
Austria,Blipper,6,4,,4,,,6,,4,2,2,,6
Austria,Blipper,7,8,12,8,20,20,12,12,8,4,30,30,10
Belgium,Blipper,1,,4,,3,9,2,4,2,,3,3,
Belgium,Blipper,2,32,10,35,6,10,35,4,20,20,6,12,49
Belgium,Blipper,3,35,21,8,45,40,35,42,28,48,54,27,30
Belgium,Blipper,4,77,132,65,112,26,120,33,132,78,112,120,80
Belgium,Blipper,5,130,60,144,153,64,165,65,90,192,136,126,140
Belgium,Blipper,6,4,,,12,3,2,,6,,3,9,3
Belgium,Blipper,7,8,15,10,12,15,15,4,20,5,18,18,14
Bulgaria,Blipper,1,,2,2,2,,4,,4,,4,8,2
Bulgaria,Blipper,2,9,12,12,,9,9,3,9,3,16,,16
Bulgaria,Blipper,3,4,15,25,10,25,30,16,10,20,5,12,18
Bulgaria,Blipper,4,49,48,40,72,40,80,42,24,88,54,120,55
Bulgaria,Blipper,5,96,72,80,143,80,45,104,135,10,99,84,156
Bulgaria,Blipper,6,,,8,,4,2,,2,6,2,,4
Bulgaria,Blipper,7,15,6,15,8,3,,3,12,9,16,8,8
Bulgaria,Blipper,1,,1,,2,2,1,3,3,2,1,2,2
Bulgaria,Blipper,2,2,4,2,8,4,10,8,4,4,2,2,6
Bulgaria,Blipper,3,8,6,18,9,15,9,8,18,9,15,3,12
Bulgaria,Blipper,4,32,16,25,25,50,28,24,44,30,25,42,18
Bulgaria,Blipper,5,25,55,30,78,42,40,40,55,30,54,56,42
Bulgaria,Blipper,6,,2,1,,3,1,3,,,1,,1
Bulgaria,Blipper,7,6,8,4,4,2,8,4,8,8,8,6,
Cyprus,Blipper,1,0,0,,0,,,0,0,0,0,0,0
Cyprus,Blipper,2,0,0,1,4,2,0,0,0,1,3,1,2
Cyprus,Blipper,3,5,3,7,6,4,4,5,3,3,7,8,4
Cyprus,Blipper,4,8,8,9,9,7,5,7,5,5,6,8,16
Cyprus,Blipper,5,6,8,10,20,5,8,5,9,10,14,22,20
Cyprus,Blipper,6,,,,0,0,0,0,0,0,0,0,0
Cyprus,Blipper,7,0,0,2,6,4,0,0,0,6,1,1,3
Czech Republic,Blipper,1,,4,6,6,6,6,2,2,3,,12,3
Czech Republic,Blipper,2,4,20,5,18,20,15,16,15,10,12,12,35
Czech Republic,Blipper,3,35,21,24,45,24,28,28,35,24,,18,40
Czech Republic,Blipper,4,22,84,65,70,65,108,77,96,91,112,120,128
Czech Republic,Blipper,5,156,165,80,153,144,120,130,90,160,187,108,160
Czech Republic,Blipper,6,2,,,6,9,2,4,4,12,,,6
Czech Republic,Blipper,7,8,,30,6,30,,4,25,10,6,6,35
Denmark,Blipper,1,1,,1,2,3,3,,,2,6,4,6
Denmark,Blipper,2,6,24,6,6,9,21,8,12,3,6,6,20
Denmark,Blipper,3,12,8,20,25,4,32,8,,24,20,45,30
Denmark,Blipper,4,48,49,42,40,35,35,66,70,49,48,72,54
Denmark,Blipper,5,56,72,36,90,63,72,91,96,90,90,40,99
Denmark,Blipper,6,1,3,1,2,2,2,3,2,2,6,4,4
Denmark,Blipper,7,6,15,3,3,9,3,6,12,6,6,6,4
Estonia,Blipper,1,,0,0,0,0,,0,,0,,0,
Estonia,Blipper,2,0,0,2,6,3,0,0,0,4,4,3,
Estonia,Blipper,3,2,1,1,4,5,2,3,6,4,1,6,3
Estonia,Blipper,4,5,6,5,8,3,6,8,9,8,11,11,22
Estonia,Blipper,5,9,11,11,12,12,9,5,15,6,10,4,10
Estonia,Blipper,6,0,,0,0,,0,0,0,0,0,,0
Estonia,Blipper,7,0,0,,5,2,0,0,0,4,3,3,2
Finland,Blipper,1,2,1,3,,1,1,1,3,2,,1,1
Finland,Blipper,2,10,6,4,6,6,2,4,6,6,9,6,9
Finland,Blipper,3,12,18,8,20,4,18,9,15,8,8,12,40
Finland,Blipper,4,60,10,30,54,6,40,30,25,36,66,49,70
Finland,Blipper,5,18,42,84,72,42,35,78,42,35,24,56,54
Finland,Blipper,6,1,,2,2,2,2,,2,2,,,1
Finland,Blipper,7,8,2,4,6,8,4,4,6,4,6,9,15
France,Blipper,1,26,15,16,34,48,15,39,15,,,18,20
France,Blipper,2,52,116,192,136,64,,156,87,64,136,74,80
France,Blipper,3,80,132,188,153,141,264,40,132,235,408,275,413
France,Blipper,4,594,360,790,430,237,288,462,576,711,516,460,594
France,Blipper,5,474,1044,1140,721,1235,609,553,609,475,1133,999,1071
France,Blipper,6,39,15,,34,16,15,13,,64,17,54,80
France,Blipper,7,78,145,32,102,96,29,78,58,64,102,148,40
Germany,Blipper,1,,18,57,,38,18,32,18,19,21,,48
Germany,Blipper,2,128,180,156,84,78,,128,72,39,294,90,49
Germany,Blipper,3,49,212,290,378,232,265,245,265,116,126,340,292
Germany,Blipper,4,729,356,776,945,388,890,729,801,679,420,452,1089
Germany,Blipper,5,1261,749,580,1386,696,1070,970,749,928,252,816,730
Germany,Blipper,6,16,18,,42,,18,32,,38,42,23,
Germany,Blipper,7,32,252,195,84,78,72,224,72,156,126,180,147
Greece,Blipper,1,2,2,6,3,6,,2,2,6,6,6,
Greece,Blipper,2,16,15,5,24,30,20,12,15,20,6,36,35
Greece,Blipper,3,49,42,24,9,64,28,28,28,16,27,45,20
Greece,Blipper,4,187,132,130,112,143,60,88,84,78,154,135,112
Greece,Blipper,5,143,98,64,238,224,112,130,112,160,238,198,180
Greece,Blipper,6,2,,3,6,,6,6,2,3,,6,
Greece,Blipper,7,12,5,30,12,30,5,8,20,20,12,24,28
Hungary,Blipper,1,,4,4,3,2,2,2,,4,,3,6
Hungary,Blipper,2,8,4,5,,30,8,12,8,15,15,6,18
Hungary,Blipper,3,12,21,35,8,28,35,18,63,14,32,80,81
Hungary,Blipper,4,40,44,120,78,96,77,130,121,108,117,14,75
Hungary,Blipper,5,120,117,168,64,98,104,156,208,98,160,51,90
Hungary,Blipper,6,4,4,2,,4,4,2,,,3,3,6
Hungary,Blipper,7,16,8,5,10,5,12,8,4,40,25,24,18
Ireland,Blipper,1,,1,3,1,1,,2,4,,2,,2
Ireland,Blipper,2,8,4,2,3,2,8,2,4,4,18,12,9
Ireland,Blipper,3,30,12,16,16,8,3,24,6,24,4,24,30
Ireland,Blipper,4,45,60,30,70,42,36,25,48,18,63,84,40
Ireland,Blipper,5,60,70,42,72,35,63,36,35,35,96,64,63
Ireland,Blipper,6,1,1,2,1,,,2,,1,2,2,2
Ireland,Blipper,7,4,,4,6,8,,6,4,8,18,9,3
Italy,Blipper,1,,13,15,,30,39,12,,,,17,
Italy,Blipper,2,72,,29,64,58,81,24,,29,128,136,111
Italy,Blipper,3,148,160,176,47,220,200,148,120,220,235,306,330
Italy,Blipper,4,488,201,511,553,219,536,244,670,511,553,850,455
Italy,Blipper,5,657,560,616,570,880,560,584,400,352,1045,714,880
Italy,Blipper,6,24,39,30,16,,26,24,13,60,16,51,54
Italy,Blipper,7,48,81,,224,87,81,72,27,,160,34,111
Latvia,Blipper,1,0,,,,0,0,,0,0,,3,3
Latvia,Blipper,2,2,2,2,2,1,2,4,1,5,4,1,6
Latvia,Blipper,3,8,9,5,4,3,2,6,4,3,14,4,10
Latvia,Blipper,4,16,16,10,6,6,20,6,18,4,39,12,36
Latvia,Blipper,5,6,21,18,30,39,24,14,27,27,45,21,40
Latvia,Blipper,6,0,0,0,0,0,0,0,0,,,1,
Latvia,Blipper,7,,,4,7,3,6,7,3,2,6,2,
Lithuania,Blipper,1,,1,3,6,4,1,,,,2,2,2
Lithuania,Blipper,2,,2,2,4,3,2,4,2,1,,2,2
Lithuania,Blipper,3,4,10,6,10,8,6,8,16,4,4,16,9
Lithuania,Blipper,4,21,27,56,40,24,24,15,36,36,36,36,28
Lithuania,Blipper,5,24,48,20,40,36,52,32,52,52,50,45,35
Lithuania,Blipper,6,1,1,,2,1,2,1,3,,1,1,1
Lithuania,Blipper,7,6,2,2,4,1,6,1,1,11,4,,4
Luxembourg,Blipper,1,0,0,0,0,0,0,0,,0,,0,0
Luxembourg,Blipper,2,0,0,0,6,0,0,0,0,0,2,3,1
Luxembourg,Blipper,3,7,3,6,4,5,4,1,3,3,,5,6
Luxembourg,Blipper,4,4,9,9,8,9,10,7,7,10,4,3,8
Luxembourg,Blipper,5,8,10,6,6,12,8,4,6,7,10,14,14
Luxembourg,Blipper,6,0,0,,0,0,0,0,0,0,,,
Luxembourg,Blipper,7,0,0,0,4,0,0,0,0,0,2,2,4
Malta,Blipper,1,0,0,0,,0,0,0,0,0,0,0,0
Malta,Blipper,2,0,0,0,1,0,0,0,0,0,5,3,3
Malta,Blipper,3,4,7,3,5,2,3,4,3,8,5,5,3
Malta,Blipper,4,8,9,7,4,8,10,8,9,5,5,11,5
Malta,Blipper,5,7,10,7,18,8,10,10,14,11,10,14,16
Malta,Blipper,6,,0,0,,,0,0,0,0,0,0,0
Malta,Blipper,7,0,0,0,3,0,,0,0,0,2,3,4
Netherlands,Blipper,1,,12,,4,8,20,3,,12,,5,10
Netherlands,Blipper,2,7,14,8,9,40,21,28,14,40,9,27,30
Netherlands,Blipper,3,50,88,48,13,12,66,20,55,72,26,56,30
Netherlands,Blipper,4,68,133,120,176,100,190,119,152,100,198,120,175
Netherlands,Blipper,5,260,242,168,182,144,286,180,176,312,260,224,341
Netherlands,Blipper,6,3,8,8,12,4,4,3,,12,12,,
Netherlands,Blipper,7,7,14,,9,8,49,14,21,32,36,18,20
Norway,Blipper,1,1,3,1,,1,1,3,1,,,1,4
Norway,Blipper,2,,4,4,9,6,8,2,2,12,9,3,12
Norway,Blipper,3,21,9,32,4,28,9,6,9,16,24,4,20
Norway,Blipper,4,15,30,48,42,42,30,45,85,6,18,70,91
Norway,Blipper,5,60,35,70,80,56,112,78,98,56,72,88,117
Norway,Blipper,6,1,1,3,,3,4,1,3,1,,,4
Norway,Blipper,7,4,12,12,15,6,10,6,2,4,9,9,15
Poland,Blipper,1,8,16,36,20,9,16,24,24,9,10,22,33
Poland,Blipper,2,75,68,108,40,72,51,15,51,36,80,63,92
Poland,Blipper,3,115,125,135,240,108,150,92,100,81,150,160,204
Poland,Blipper,4,304,336,460,147,414,294,342,504,322,490,318,342
Poland,Blipper,5,230,250,495,354,220,500,92,450,715,472,704,544
Poland,Blipper,6,,8,18,20,9,16,8,8,9,20,11,11
Poland,Blipper,7,75,34,54,40,54,68,15,17,18,20,84,161
Portugal,Blipper,1,4,2,2,6,4,2,2,2,,6,6,3
Portugal,Blipper,2,16,12,10,,20,12,8,12,5,15,12,12
Portugal,Blipper,3,48,56,49,48,42,14,24,14,70,48,64,54
Portugal,Blipper,4,60,22,96,91,108,88,40,77,96,169,98,120
Portugal,Blipper,5,144,104,140,176,112,104,60,156,140,112,136,144
Portugal,Blipper,6,4,4,,3,,2,2,6,2,9,3,9
Portugal,Blipper,7,16,8,15,20,5,16,16,4,20,15,24,6
Romania,Blipper,1,12,,10,20,10,,,,,,24,12
Romania,Blipper,2,24,45,40,40,30,27,40,18,30,40,44,36
Romania,Blipper,3,36,65,42,48,56,78,48,52,56,128,68,54
Romania,Blipper,4,80,220,96,234,120,154,260,88,96,286,280,60
Romania,Blipper,5,96,260,232,124,261,208,168,156,174,217,204,288
Romania,Blipper,6,8,,5,,25,8,,,15,5,,6
Romania,Blipper,7,32,45,40,30,,9,24,63,20,40,22,72
Slovakia,Blipper,1,1,,,,1,2,1,3,2,1,1,2
Slovakia,Blipper,2,2,4,4,9,8,,12,2,4,3,6,6
Slovakia,Blipper,3,9,9,28,20,16,24,21,24,20,20,8,8
Slovakia,Blipper,4,30,30,42,6,60,20,25,30,48,42,63,49
Slovakia,Blipper,5,84,42,56,16,56,70,72,42,105,88,56,99
Slovakia,Blipper,6,5,1,1,2,3,3,1,1,,3,,3
Slovakia,Blipper,7,8,2,6,3,10,4,2,,12,9,9,3
Slovenia,Blipper,1,,,0,0,0,0,,0,0,0,2,1
Slovenia,Blipper,2,5,6,4,5,2,4,3,2,3,6,4,4
Slovenia,Blipper,3,8,5,2,8,4,2,1,4,4,4,6,8
Slovenia,Blipper,4,16,16,16,12,14,24,14,14,8,15,15,15
Slovenia,Blipper,5,20,27,21,30,21,18,10,33,27,18,21,28
Slovenia,Blipper,6,0,0,0,,0,0,0,,,0,3,
Slovenia,Blipper,7,3,2,5,,1,3,6,3,3,2,5,2
Spain,Blipper,1,9,30,,12,,10,18,20,,12,26,
Spain,Blipper,2,72,60,176,24,66,60,180,40,66,96,78,56
Spain,Blipper,3,84,90,198,180,99,90,112,150,231,144,156,164
Spain,Blipper,4,368,100,550,420,220,350,414,250,385,240,320,414
Spain,Blipper,5,495,549,462,504,462,427,605,610,660,720,924,332
Spain,Blipper,6,9,,22,24,,10,,30,22,,13,42
Spain,Blipper,7,,60,88,72,110,60,72,20,88,96,78,56
Sweden,Blipper,1,4,4,4,9,6,2,4,2,4,,6,
Sweden,Blipper,2,8,12,20,35,,4,8,8,15,10,24,24
Sweden,Blipper,3,36,56,7,24,21,35,12,21,56,8,24,54
Sweden,Blipper,4,20,110,60,65,36,88,60,66,60,130,126,60
Sweden,Blipper,5,96,156,126,96,56,104,120,130,182,112,34,144
Sweden,Blipper,6,4,2,2,,2,4,,4,,3,12,6
Sweden,Blipper,7,12,16,5,15,20,8,24,16,10,30,12,6
Switzerland,Blipper,1,,2,2,2,,6,2,2,,4,8,4
Switzerland,Blipper,2,6,12,8,16,8,12,3,8,8,,10,20
Switzerland,Blipper,3,10,25,42,36,12,35,15,20,42,36,28,7
Switzerland,Blipper,4,32,54,60,140,70,72,32,108,90,130,33,168
Switzerland,Blipper,5,80,77,156,168,120,121,40,77,84,108,130,182
Switzerland,Blipper,6,2,4,,2,,8,2,,6,2,,
Switzerland,Blipper,7,,20,12,8,8,28,3,28,4,16,15,5
United Kingdom,Blipper,1,13,56,,17,32,14,13,14,16,17,18,19
United Kingdom,Blipper,2,182,58,93,,31,203,156,87,62,34,180,156
United Kingdom,Blipper,3,312,129,188,255,188,215,234,86,235,255,108,464
United Kingdom,Blipper,4,390,284,624,504,468,1207,390,568,624,336,364,485
United Kingdom,Blipper,5,702,258,837,909,837,1204,780,860,744,1515,654,1053
United Kingdom,Blipper,6,,28,16,68,64,,,42,48,17,18,19
United Kingdom,Blipper,7,104,87,93,,62,116,,87,31,136,108,117
Austria,FreeMobile,1,48,63,50,132,70,45,48,81,90,66,55,48
Austria,FreeMobile,2,240,234,152,336,190,306,224,216,171,189,391,312
Austria,FreeMobile,3,480,405,928,640,377,567,576,513,754,768,612,936
Austria,FreeMobile,4,1000,1804,1029,1749,1519,1276,1240,1232,1470,1749,1710,1769
Austria,FreeMobile,5,2205,2014,1972,2457,2262,2173,2156,2173,2262,2331,2108,1825
Austria,FreeMobile,6,24,54,70,88,60,36,48,54,50,55,77,60
Austria,FreeMobile,7,208,216,190,273,171,252,112,234,228,336,299,264
Belgium,FreeMobile,1,80,55,132,52,48,33,70,88,96,52,98,105
Belgium,FreeMobile,2,300,242,264,286,192,264,320,264,216,260,308,390
Belgium,FreeMobile,3,420,363,756,702,720,627,450,627,720,741,546,1188
Belgium,FreeMobile,4,1470,1134,1711,1664,2006,1998,1617,1620,1711,1792,2139,2294
Belgium,FreeMobile,5,2478,2860,2414,1925,2698,1885,2183,2080,2698,3080,3237,3115
Belgium,FreeMobile,6,50,44,48,39,72,77,80,88,120,65,98,135
Belgium,FreeMobile,7,120,154,288,312,312,308,340,286,360,364,308,270
Bulgaria,FreeMobile,1,48,35,40,56,32,63,54,63,56,64,108,54
Bulgaria,FreeMobile,2,117,210,120,240,210,140,169,154,180,128,306,114
Bulgaria,FreeMobile,3,323,357,368,375,483,336,266,609,460,425,468,616
Bulgaria,FreeMobile,4,1054,1190,1216,984,988,980,1054,1190,1102,1353,1408,1457
Bulgaria,FreeMobile,5,1292,1386,1890,2009,1980,1344,1368,1344,1800,1568,1802,2907
Bulgaria,FreeMobile,6,18,14,,24,56,63,36,21,40,56,45,
Bulgaria,FreeMobile,7,130,210,120,256,120,140,52,196,195,144,198,285
Bulgaria,FreeMobile,1,24,28,12,35,32,36,16,28,40,25,40,25
Bulgaria,FreeMobile,2,49,104,117,108,135,88,63,72,99,162,130,99
Bulgaria,FreeMobile,3,198,252,247,280,182,180,253,180,182,182,390,304
Bulgaria,FreeMobile,4,396,700,704,805,704,540,504,660,726,598,775,783
Bulgaria,FreeMobile,5,704,984,884,532,936,576,880,912,1014,1148,1170,1056
Bulgaria,FreeMobile,6,24,8,16,30,20,32,24,28,24,20,35,35
Bulgaria,FreeMobile,7,91,64,126,81,162,104,105,128,135,36,140,154
Cyprus,FreeMobile,1,9,8,5,5,4,3,8,5,8,3,2,8
Cyprus,FreeMobile,2,16,28,32,22,18,28,30,20,14,20,51,33
Cyprus,FreeMobile,3,54,72,39,76,48,57,63,42,63,96,88,76
Cyprus,FreeMobile,4,155,170,150,180,170,145,160,150,160,156,162,203
Cyprus,FreeMobile,5,185,162,231,238,322,306,180,252,266,308,248,232
Cyprus,FreeMobile,6,4,6,4,9,6,7,5,5,13,12,6,7
Cyprus,FreeMobile,7,32,24,16,36,18,26,24,22,24,12,45,42
Czech Republic,FreeMobile,1,60,88,36,65,24,66,100,33,48,78,126,120
Czech Republic,FreeMobile,2,180,242,360,182,312,352,220,286,288,234,308,540
Czech Republic,FreeMobile,3,660,660,936,624,864,726,510,693,540,897,1050,1100
Czech Republic,FreeMobile,4,1225,2646,1121,1536,2124,1836,1470,1998,1947,1472,1725,2442
Czech Republic,FreeMobile,5,2360,2340,3479,3311,2982,2210,1770,2795,3337,2772,3984,2848
Czech Republic,FreeMobile,6,100,55,60,91,48,88,50,55,24,104,70,60
Czech Republic,FreeMobile,7,260,242,384,312,360,242,220,308,336,312,280,300
Denmark,FreeMobile,1,65,36,24,28,24,36,50,48,36,77,32,48
Denmark,FreeMobile,2,132,180,195,224,208,144,88,132,65,238,180,208
Denmark,FreeMobile,3,288,252,380,399,380,324,320,216,361,273,529,432
Denmark,FreeMobile,4,837,870,1056,1190,1248,930,918,1170,1120,1050,1520,1400
Denmark,FreeMobile,5,992,1152,1326,1428,1443,1296,992,1692,897,1680,1980,1813
Denmark,FreeMobile,6,20,30,66,49,36,24,25,60,36,42,48,64
Denmark,FreeMobile,7,121,156,234,224,130,192,187,192,195,112,165,224
Estonia,FreeMobile,1,3,9,12,4,7,7,6,5,4,4,4,8
Estonia,FreeMobile,2,16,22,14,26,32,24,14,30,28,30,39,57
Estonia,FreeMobile,3,72,51,51,92,60,96,57,48,87,64,64,64
Estonia,FreeMobile,4,185,140,140,150,130,130,140,115,150,228,126,231
Estonia,FreeMobile,5,155,186,273,301,245,234,170,192,266,203,328,344
Estonia,FreeMobile,6,7,5,4,3,7,7,6,3,3,7,8,7
Estonia,FreeMobile,7,24,18,18,22,24,44,26,24,30,42,48,30
Finland,FreeMobile,1,28,40,40,42,50,35,28,25,45,54,30,42
Finland,FreeMobile,2,144,50,110,204,77,60,81,120,132,132,143,208
Finland,FreeMobile,3,273,285,288,374,160,165,351,435,304,238,304,420
Finland,FreeMobile,4,682,925,1053,783,810,875,836,725,891,841,961,1054
Finland,FreeMobile,5,1026,810,1056,1540,1056,1200,918,1530,1408,1540,1330,1560
Finland,FreeMobile,6,36,35,25,60,40,40,8,25,20,24,30,21
Finland,FreeMobile,7,117,70,121,60,143,150,63,160,165,108,156,169
France,FreeMobile,1,59,260,426,1001,781,455,236,520,355,693,830,623
France,FreeMobile,2,1904,1170,1988,1848,1420,1690,952,2730,1846,1848,2822,3026
France,FreeMobile,3,2136,3332,4686,5544,3834,2744,3916,4508,4899,5313,4233,5073
France,FreeMobile,4,12728,10758,10324,11935,7476,11736,9768,10758,9968,13090,13695,10235
France,FreeMobile,5,11748,13685,11529,15246,18361,13685,13528,15249,13664,17556,25896,13858
France,FreeMobile,6,354,585,284,462,568,715,295,390,426,693,664,267
France,FreeMobile,7,1071,2860,1136,2926,2272,1040,1071,1430,1704,1848,1660,1958
Germany,FreeMobile,1,949,560,522,570,435,320,511,560,435,570,612,1199
Germany,FreeMobile,2,1752,2240,2275,2268,2275,2880,1752,1600,3325,2835,2652,1962
Germany,FreeMobile,3,5232,5040,4716,5964,4716,3120,3488,2640,6288,6532,3366,7848
Germany,FreeMobile,4,9464,13600,12208,12298,9592,10000,13468,15600,14824,18447,19851,15288
Germany,FreeMobile,5,18748,17280,19388,18144,20436,14880,17440,19200,25152,15876,28717,19650
Germany,FreeMobile,6,438,720,609,475,696,640,438,320,783,475,612,872
Germany,FreeMobile,7,1606,1280,2625,3024,2100,2720,1022,3360,2275,3213,3672,1744
Greece,FreeMobile,1,60,99,36,52,120,44,70,55,108,91,154,90
Greece,FreeMobile,2,360,286,480,208,312,330,220,308,528,208,448,510
Greece,FreeMobile,3,510,561,576,819,576,693,930,561,504,741,820,924
Greece,FreeMobile,4,1372,1890,2006,2112,2124,1890,1029,1674,1770,2112,2622,2590
Greece,FreeMobile,5,2006,2405,2414,2618,2485,1950,2537,2405,2840,2926,3237,4005
Greece,FreeMobile,6,80,66,12,117,108,55,20,66,72,65,154,120
Greece,FreeMobile,7,240,220,240,338,408,308,240,264,144,260,336,330
Hungary,FreeMobile,1,45,60,55,108,88,90,99,100,99,84,65,130
Hungary,FreeMobile,2,198,360,198,161,154,340,198,320,264,230,250,405
Hungary,FreeMobile,3,432,420,384,595,800,870,432,480,544,665,722,960
Hungary,FreeMobile,4,1710,2009,1836,2030,1944,1421,1845,1274,1620,1566,2142,2077
Hungary,FreeMobile,5,2538,1829,2340,2380,2535,2242,1404,1711,2275,2730,3375,2754
Hungary,FreeMobile,6,27,100,33,60,44,40,27,80,44,12,117,78
Hungary,FreeMobile,7,144,440,286,414,242,320,270,320,220,207,175,243
Ireland,FreeMobile,1,15,25,60,36,25,30,20,10,50,24,30,63
Ireland,FreeMobile,2,126,200,165,132,99,90,117,160,143,120,156,98
Ireland,FreeMobile,3,238,330,320,252,240,180,308,315,288,342,285,380
Ireland,FreeMobile,4,506,825,783,1160,918,675,418,700,702,1044,1054,1088
Ireland,FreeMobile,5,1188,870,1472,1435,1088,1170,891,1140,1280,1155,1368,1520
Ireland,FreeMobile,6,30,40,50,30,40,30,40,20,25,24,102,49
Ireland,FreeMobile,7,117,160,132,144,44,100,117,90,176,168,143,196
Italy,FreeMobile,1,495,300,462,568,264,240,55,480,264,426,693,574
Italy,FreeMobile,2,1320,968,1310,1420,1834,1815,1980,1210,1572,1278,1530,2952
Italy,FreeMobile,3,2460,3439,4728,4708,3152,2896,2788,3077,3152,5564,4370,5928
Italy,FreeMobile,4,8768,7826,11186,13528,11844,8428,7946,9632,10857,7476,14171,13152
Italy,FreeMobile,5,11515,10498,12214,13664,14184,17376,13160,13756,15366,14945,20700,15776
Italy,FreeMobile,6,165,240,330,852,330,240,275,360,726,710,693,656
Italy,FreeMobile,7,2420,1573,1572,2130,1703,1089,2200,2057,1703,1136,1989,2296
Latvia,FreeMobile,1,14,10,14,4,18,12,14,18,14,10,14,18
Latvia,FreeMobile,2,56,48,24,70,44,64,56,24,52,80,60,55
Latvia,FreeMobile,3,115,144,114,147,138,102,75,90,72,133,160,128
Latvia,FreeMobile,4,144,310,297,360,330,330,270,240,253,396,442,351
Latvia,FreeMobile,5,440,552,533,504,481,468,352,348,559,630,510,768
Latvia,FreeMobile,6,16,26,18,16,12,14,14,10,14,10,6,3
Latvia,FreeMobile,7,52,36,44,40,52,44,56,44,52,80,55,45
Lithuania,FreeMobile,1,30,21,18,33,3,24,30,30,24,9,16,16
Lithuania,FreeMobile,2,65,42,90,133,78,84,85,66,66,70,96,80
Lithuania,FreeMobile,3,184,126,260,120,220,153,136,180,170,180,264,252
Lithuania,FreeMobile,4,338,450,480,612,720,450,403,405,400,459,703,700
Lithuania,FreeMobile,5,560,612,684,630,608,648,624,846,494,924,966,936
Lithuania,FreeMobile,6,12,27,18,21,21,21,27,9,21,15,44,28
Lithuania,FreeMobile,7,60,84,42,56,96,72,60,78,72,91,88,112
Luxembourg,FreeMobile,1,6,5,8,8,4,6,6,8,6,9,13,6
Luxembourg,FreeMobile,2,26,26,10,14,24,40,34,16,28,16,36,36
Luxembourg,FreeMobile,3,45,39,63,57,54,45,63,48,39,51,76,60
Luxembourg,FreeMobile,4,164,115,150,204,175,165,100,165,145,180,168,287
Luxembourg,FreeMobile,5,165,210,228,252,240,234,220,222,198,266,328,280
Luxembourg,FreeMobile,6,6,10,6,7,4,10,7,11,8,6,11,4
Luxembourg,FreeMobile,7,22,18,20,32,14,22,26,18,26,22,48,36
Malta,FreeMobile,1,5,6,10,11,5,3,9,8,5,7,5,5
Malta,FreeMobile,2,42,40,26,28,18,34,30,40,28,4,48,45
Malta,FreeMobile,3,63,57,81,60,39,69,102,33,57,60,52,104
Malta,FreeMobile,4,116,140,160,180,165,180,120,135,160,168,240,301
Malta,FreeMobile,5,140,186,234,287,186,132,165,216,180,189,376,232
Malta,FreeMobile,6,4,8,11,5,9,8,6,5,9,5,4,7
Malta,FreeMobile,7,24,26,28,24,32,18,24,18,32,30,18,42
Netherlands,FreeMobile,1,75,17,90,120,162,204,135,170,72,80,168,115
Netherlands,FreeMobile,2,372,306,481,560,407,408,403,442,222,440,258,414
Netherlands,FreeMobile,3,966,950,880,1020,880,1450,1058,1300,1100,840,1216,1242
Netherlands,FreeMobile,4,3268,2016,3220,3861,2668,2016,2128,2520,2668,3069,3424,3990
Netherlands,FreeMobile,5,3312,3939,5280,4641,4180,3232,3956,3232,4730,3451,4608,3699
Netherlands,FreeMobile,6,90,102,108,160,216,102,135,51,90,180,42,92
Netherlands,FreeMobile,7,279,374,518,640,444,340,527,340,296,600,645,552
Norway,FreeMobile,1,28,30,65,36,60,30,32,35,20,48,42,70
Norway,FreeMobile,2,99,120,220,132,66,120,153,80,132,84,156,234
Norway,FreeMobile,3,247,165,352,360,384,195,195,225,288,504,418,440
Norway,FreeMobile,4,836,975,945,957,945,450,902,925,594,928,961,1122
Norway,FreeMobile,5,918,960,1504,1820,1088,1200,1026,1200,1024,805,1406,1560
Norway,FreeMobile,6,36,30,30,36,35,30,28,30,30,12,42,56
Norway,FreeMobile,7,117,200,154,120,132,200,135,90,209,180,143,260
Poland,FreeMobile,1,238,342,246,396,164,190,340,114,369,220,192,204
Poland,FreeMobile,2,748,825,902,1068,738,600,1224,1050,1230,890,768,1224
Poland,FreeMobile,3,1428,2486,1722,2926,2337,2260,2448,2486,1722,1995,2860,2926
Poland,FreeMobile,4,4275,5828,6355,4662,7380,6768,6669,5828,4920,5550,7409,6912
Poland,FreeMobile,5,7175,6750,8118,9310,9840,7875,8405,6300,11070,9842,11767,12280
Poland,FreeMobile,6,238,228,246,220,82,190,102,342,164,264,240,306
Poland,FreeMobile,7,816,1125,492,712,1148,375,612,675,738,1157,864,918
Portugal,FreeMobile,1,63,70,99,96,33,80,81,50,66,36,117,169
Portugal,FreeMobile,2,306,220,330,414,132,240,252,260,374,184,550,324
Portugal,FreeMobile,3,459,540,672,420,576,570,540,480,704,700,494,520
Portugal,FreeMobile,4,1620,1617,1566,2146,1512,2254,1755,1225,1728,1566,2394,2077
Portugal,FreeMobile,5,1890,2596,2210,2520,2600,2124,1782,2065,1950,3150,3225,3888
Portugal,FreeMobile,6,45,100,55,144,44,40,36,60,55,60,91,78
Portugal,FreeMobile,7,396,180,198,299,308,220,162,300,308,207,200,324
Romania,FreeMobile,1,72,140,154,92,66,160,180,140,176,115,200,108
Romania,FreeMobile,2,468,200,559,517,559,560,468,520,602,611,700,810
Romania,FreeMobile,3,1080,885,1625,1190,1300,1239,918,649,975,1190,1800,1620
Romania,FreeMobile,4,2700,4653,3348,3627,3348,3861,2880,3861,2376,2691,3150,4590
Romania,FreeMobile,5,3564,3927,4128,4760,4128,3451,2916,4641,5160,5460,6191,5832
Romania,FreeMobile,6,36,120,176,138,22,100,162,180,110,115,125,108
Romania,FreeMobile,7,468,400,602,470,559,480,540,480,602,282,600,648
Slovakia,FreeMobile,1,24,45,45,30,25,35,28,30,50,66,48,7
Slovakia,FreeMobile,2,108,130,187,180,143,150,216,140,176,96,143,156
Slovakia,FreeMobile,3,286,270,240,374,256,255,221,240,400,459,304,360
Slovakia,FreeMobile,4,638,800,702,638,1026,850,770,750,702,1015,527,1224
Slovakia,FreeMobile,5,864,1320,1056,1155,800,1170,864,1290,1024,1540,1178,1480
Slovakia,FreeMobile,6,20,40,30,30,45,45,36,45,25,48,30,35
Slovakia,FreeMobile,7,126,140,187,180,121,220,171,220,88,84,156,169
Slovenia,FreeMobile,1,10,10,12,16,10,8,6,12,18,12,16,18
Slovenia,FreeMobile,2,20,56,44,75,52,32,52,48,44,75,65,40
Slovenia,FreeMobile,3,100,126,174,133,120,114,75,144,90,112,176,96
Slovenia,FreeMobile,4,270,360,275,420,319,260,261,350,330,408,377,364
Slovenia,FreeMobile,5,407,384,429,672,546,576,363,396,390,518,510,384
Slovenia,FreeMobile,6,10,14,10,20,14,14,16,6,16,16,14,27
Slovenia,FreeMobile,7,72,28,32,65,52,44,36,56,32,85,50,40
Spain,FreeMobile,1,246,360,450,432,400,405,205,270,300,594,406,496
Spain,FreeMobile,2,1245,1547,1089,1712,594,910,1328,2002,792,1284,1044,1736
Spain,FreeMobile,3,2728,2176,2533,2737,2980,2992,3100,2856,3129,4508,3633,3534
Spain,FreeMobile,4,5382,5448,7192,9112,4960,4994,8280,4994,5952,8308,11271,6510
Spain,FreeMobile,5,10912,7917,11583,13202,11583,10647,8680,10101,7425,11270,19432,15624
Spain,FreeMobile,6,369,315,200,270,100,360,205,360,100,432,406,434
Spain,FreeMobile,7,664,819,1386,1819,891,1638,1494,1456,1089,1391,696,1364
Sweden,FreeMobile,1,63,70,66,72,99,50,9,10,55,72,26,78
Sweden,FreeMobile,2,180,140,330,345,198,240,198,200,286,276,400,162
Sweden,FreeMobile,3,513,720,512,735,704,720,594,510,576,525,836,1040
Sweden,FreeMobile,4,1530,1470,1350,1798,1458,1127,1665,1470,1404,1682,1953,2613
Sweden,FreeMobile,5,2106,2006,2145,3080,2600,3009,2214,2006,2795,2590,2175,2835
Sweden,FreeMobile,6,45,50,66,60,66,60,63,40,77,48,52,91
Sweden,FreeMobile,7,216,220,242,368,198,240,180,280,374,276,475,405
Switzerland,FreeMobile,1,14,56,54,36,54,24,35,64,81,72,100,66
Switzerland,FreeMobile,2,196,224,221,190,255,224,168,208,119,323,260,242
Switzerland,FreeMobile,3,396,528,572,504,442,648,352,480,546,532,630,544
Switzerland,FreeMobile,4,1152,1120,1591,2303,1247,1360,792,1360,1849,1363,2150,1728
Switzerland,FreeMobile,5,1849,1739,2080,1960,1456,1504,2322,1504,1872,1960,1920,2535
Switzerland,FreeMobile,6,42,56,81,27,81,16,35,48,81,18,40,44
Switzerland,FreeMobile,7,252,208,153,171,85,192,140,320,170,209,220,352
United Kingdom,FreeMobile,1,522,128,910,304,420,192,232,576,910,456,738,264
United Kingdom,FreeMobile,2,1872,2560,980,2128,1820,1280,1053,1536,1120,2888,2445,1400
United Kingdom,FreeMobile,3,2800,3860,1680,4332,3570,2702,3675,2509,3360,4788,5390,5523
United Kingdom,FreeMobile,4,9344,10272,9800,12507,15050,11235,7300,7383,9800,12886,14315,14016
United Kingdom,FreeMobile,5,11200,13090,18480,17745,9240,14630,8050,16170,16380,16835,24500,21000
United Kingdom,FreeMobile,6,464,192,140,228,280,768,290,320,420,456,492,440
United Kingdom,FreeMobile,7,1404,1280,980,1976,1260,1792,1170,1280,1120,1368,2282,1750
Austria,GMT,1,,20,20,18,10,30,20,20,,18,18,7
Austria,GMT,2,27,50,110,60,132,100,27,70,132,60,117,104
Austria,GMT,3,169,195,208,198,112,75,156,150,176,234,190,80
Austria,GMT,4,308,575,459,522,351,475,440,375,594,493,496,816
Austria,GMT,5,729,750,736,770,704,570,729,540,704,455,912,680
Austria,GMT,6,30,10,10,30,15,15,30,20,15,6,30,28
Austria,GMT,7,81,40,110,72,99,60,72,20,33,84,52,91
Belgium,GMT,1,42,30,14,28,28,30,54,18,28,21,24,16
Belgium,GMT,2,88,60,91,84,91,72,77,72,91,168,120,112
Belgium,GMT,3,192,234,260,210,200,144,192,198,80,294,322,250
Belgium,GMT,4,405,420,462,468,660,450,351,540,495,504,760,984
Belgium,GMT,5,825,864,880,645,800,900,528,864,840,817,690,1078
Belgium,GMT,6,36,30,49,21,21,18,18,18,28,28,24,32
Belgium,GMT,7,66,108,104,84,91,132,66,72,65,84,60,128
Bulgaria,GMT,1,4,20,8,25,24,16,8,20,16,10,15,20
Bulgaria,GMT,2,35,64,112,117,72,88,21,48,72,63,80,66
Bulgaria,GMT,3,176,84,208,112,117,48,88,144,117,70,135,144
Bulgaria,GMT,4,216,342,378,276,483,361,216,247,273,506,312,312
Bulgaria,GMT,5,567,391,625,513,425,437,441,529,625,648,754,651
Bulgaria,GMT,6,12,16,12,30,12,8,4,8,16,15,20,15
Bulgaria,GMT,7,84,64,48,36,48,88,56,56,24,63,30,55
Bulgaria,GMT,1,6,8,8,15,6,6,4,12,8,27,9,3
Bulgaria,GMT,2,16,56,50,25,30,4,24,20,45,35,24,48
Bulgaria,GMT,3,72,70,56,80,119,42,42,77,49,120,56,90
Bulgaria,GMT,4,80,187,252,286,180,132,200,176,240,182,280,330
Bulgaria,GMT,5,156,429,322,304,238,325,276,364,252,368,340,378
Bulgaria,GMT,6,8,10,12,9,6,2,6,8,6,12,12,3
Bulgaria,GMT,7,28,20,35,20,40,24,32,28,50,35,48,42
Cyprus,GMT,1,2,1,3,5,4,3,5,4,3,1,8,3
Cyprus,GMT,2,4,5,5,8,3,4,3,8,4,4,3,14
Cyprus,GMT,3,16,24,20,36,26,22,14,28,24,20,18,22
Cyprus,GMT,4,57,57,48,54,51,51,42,54,27,57,48,76
Cyprus,GMT,5,66,45,80,92,92,60,36,72,72,84,88,90
Cyprus,GMT,6,5,2,1,4,5,,7,2,,2,2,6
Cyprus,GMT,7,9,5,9,6,7,10,7,7,8,7,2,14
Czech Republic,GMT,1,18,42,63,28,35,18,30,18,21,7,8,8
Czech Republic,GMT,2,88,60,117,140,78,48,88,72,65,70,165,96
Czech Republic,GMT,3,144,234,140,210,220,162,112,216,200,168,253,250
Czech Republic,GMT,4,513,600,792,576,759,660,513,390,825,540,760,615
Czech Republic,GMT,5,561,720,1040,989,480,756,759,540,840,731,782,1127
Czech Republic,GMT,6,30,24,42,7,21,6,6,24,21,,8,32
Czech Republic,GMT,7,176,132,104,98,117,72,110,96,65,56,60,96
Denmark,GMT,1,9,12,16,8,12,12,3,18,24,8,20,24
Denmark,GMT,2,54,63,35,56,63,42,54,56,63,56,88,54
Denmark,GMT,3,99,90,99,120,88,90,72,140,110,84,65,143
Denmark,GMT,4,345,320,270,475,216,272,330,288,306,304,252,352
Denmark,GMT,5,324,320,440,437,308,440,216,540,462,322,600,378
Denmark,GMT,6,18,6,16,20,12,15,12,12,12,8,,12
Denmark,GMT,7,48,35,49,104,63,63,84,35,91,64,80,45
Estonia,GMT,1,1,3,4,4,4,6,6,1,1,3,2,2
Estonia,GMT,2,11,2,6,8,3,9,7,6,12,7,9,18
Estonia,GMT,3,22,16,20,32,20,16,22,16,12,18,18,14
Estonia,GMT,4,39,51,57,60,57,66,48,42,57,54,76,68
Estonia,GMT,5,69,54,104,60,68,72,78,51,72,88,72,110
Estonia,GMT,6,2,4,2,4,3,6,4,3,4,3,1,6
Estonia,GMT,7,7,14,11,11,5,6,6,8,3,5,6,10
Finland,GMT,1,10,9,18,3,9,6,,9,15,12,6,8
Finland,GMT,2,30,25,36,90,66,15,45,40,30,42,28,35
Finland,GMT,3,56,64,72,90,135,72,84,32,108,130,110,132
Finland,GMT,4,264,266,255,352,240,238,228,210,300,288,374,456
Finland,GMT,5,255,400,396,266,522,224,225,448,486,323,399,418
Finland,GMT,6,2,15,6,12,9,12,2,9,9,,15,12
Finland,GMT,7,40,25,36,48,78,35,45,25,42,78,35,35
France,GMT,1,99,180,40,129,80,36,198,72,120,129,46,196
France,GMT,2,198,432,474,688,474,648,792,504,395,430,644,396
France,GMT,3,891,981,1071,1536,1666,763,1089,981,1071,1408,2208,1332
France,GMT,4,2805,3620,3762,4280,2772,2715,1815,3077,3366,4066,3465,4940
France,GMT,5,3564,4774,5451,4883,4977,6076,3168,4991,3555,6168,4986,5920
France,GMT,6,66,144,120,172,120,216,66,36,120,43,92,196
France,GMT,7,330,432,474,946,316,432,528,288,316,688,644,693
Germany,GMT,1,200,132,147,265,49,132,80,,392,106,456,122
Germany,GMT,2,648,801,873,525,582,712,486,623,582,840,678,847
Germany,GMT,3,1815,1729,1168,948,1022,665,1452,1862,1606,790,2040,1820
Germany,GMT,4,3030,4884,3872,4208,4598,3552,3838,4884,3872,3419,3962,4545
Germany,GMT,5,5566,4272,6984,9765,6984,5340,5082,5874,6111,8505,7797,6552
Germany,GMT,6,120,132,196,106,147,44,200,88,147,212,285,183
Germany,GMT,7,567,890,582,945,776,534,486,356,582,630,791,605
Greece,GMT,1,20,36,7,21,7,18,25,36,14,35,8,24
Greece,GMT,2,77,72,130,112,65,84,99,24,91,42,120,80
Greece,GMT,3,240,180,220,168,240,252,160,198,300,378,115,250
Greece,GMT,4,486,270,495,828,627,480,297,750,693,576,912,574
Greece,GMT,5,693,828,780,903,624,612,396,576,819,731,1012,1176
Greece,GMT,6,15,36,14,21,21,18,5,18,28,21,40,40
Greece,GMT,7,88,84,143,126,52,120,55,60,78,98,75,160
Hungary,GMT,1,5,20,24,24,18,5,20,5,12,12,14,14
Hungary,GMT,2,80,110,144,143,108,77,60,165,36,117,154,105
Hungary,GMT,3,150,208,126,190,234,112,105,208,270,342,252,198
Hungary,GMT,4,400,459,420,736,600,324,375,594,360,352,700,555
Hungary,GMT,5,630,759,756,741,720,627,600,660,828,741,924,1080
Hungary,GMT,6,20,30,36,18,24,25,15,25,,18,49,28
Hungary,GMT,7,120,55,84,143,24,66,50,66,96,104,182,75
Ireland,GMT,1,9,3,15,18,3,6,6,12,18,9,20,8
Ireland,GMT,2,25,30,60,35,30,42,30,66,18,77,49,24
Ireland,GMT,3,56,64,117,150,117,80,80,112,108,140,165,88
Ireland,GMT,4,195,182,225,256,225,154,195,378,270,240,234,342
Ireland,GMT,5,360,323,360,228,378,493,375,459,324,437,315,330
Ireland,GMT,6,15,6,3,3,9,9,6,9,,24,12,
Ireland,GMT,7,50,30,36,35,24,36,60,18,48,21,77,80
Italy,GMT,1,60,,74,120,148,99,60,99,148,,344,184
Italy,GMT,2,610,335,292,474,365,335,610,871,584,395,765,637
Italy,GMT,3,910,900,660,833,1650,1100,546,700,880,595,896,1507
Italy,GMT,4,2736,3006,2379,2772,3660,2171,3800,3006,4575,2970,4899,3876
Italy,GMT,5,2928,3015,2628,5451,3285,2412,3660,3618,4818,5451,4608,3836
Italy,GMT,6,120,66,222,80,222,66,30,99,37,240,129,138
Italy,GMT,7,427,469,365,711,584,268,610,603,511,711,170,364
Latvia,GMT,1,3,2,3,1,5,2,5,,4,4,4,2
Latvia,GMT,2,16,8,12,30,22,16,12,12,14,12,27,33
Latvia,GMT,3,30,42,36,36,40,39,36,24,48,36,44,20
Latvia,GMT,4,70,70,144,102,60,105,115,110,72,120,161,182
Latvia,GMT,5,132,91,168,208,161,182,120,168,175,176,128,162
Latvia,GMT,6,4,4,4,3,5,1,3,,2,3,2,2
Latvia,GMT,7,20,16,28,24,8,12,18,28,14,15,21,9
Lithuania,GMT,1,5,6,6,4,6,10,4,4,6,4,10,2
Lithuania,GMT,2,21,12,20,8,40,24,18,21,48,24,40,16
Lithuania,GMT,3,48,50,50,60,75,45,28,35,25,60,72,105
Lithuania,GMT,4,119,136,198,140,117,136,42,152,144,170,270,209
Lithuania,GMT,5,153,270,231,192,253,180,243,160,198,300,312,260
Lithuania,GMT,6,2,10,6,16,4,4,4,8,6,6,14,2
Lithuania,GMT,7,30,24,32,16,24,18,18,27,36,28,44,24
Luxembourg,GMT,1,0,8,3,2,6,2,0,1,5,4,3,8
Luxembourg,GMT,2,9,5,13,8,9,10,6,5,7,6,6,6
Luxembourg,GMT,3,7,30,26,20,20,38,12,12,14,20,14,18
Luxembourg,GMT,4,42,42,54,48,69,60,54,51,36,51,45,60
Luxembourg,GMT,5,51,72,80,64,100,51,69,63,76,88,96,84
Luxembourg,GMT,6,0,1,4,,1,,0,7,,4,1,2
Luxembourg,GMT,7,6,10,8,6,3,6,10,7,3,7,8,8
Malta,GMT,1,0,3,3,3,3,1,0,3,3,4,2,4
Malta,GMT,2,12,13,7,11,4,13,10,5,5,3,4,2
Malta,GMT,3,10,26,20,24,16,24,16,22,18,20,22,14
Malta,GMT,4,52,42,84,36,57,78,32,60,57,48,57,60
Malta,GMT,5,60,66,72,76,88,66,75,39,112,68,108,60
Malta,GMT,6,0,4,2,7,2,2,0,5,2,1,2,2
Malta,GMT,7,5,6,6,5,5,7,9,6,4,6,8,5
Netherlands,GMT,1,32,27,90,55,90,45,40,36,40,33,36,39
Netherlands,GMT,2,51,228,140,110,60,152,136,171,120,176,168,150
Netherlands,GMT,3,275,196,310,396,279,476,150,196,279,429,324,380
Netherlands,GMT,4,798,752,1020,935,1479,987,672,846,918,1155,1121,1216
Netherlands,GMT,5,1071,1176,1464,1518,1159,1400,1275,1344,1464,1782,1633,1292
Netherlands,GMT,6,24,18,10,22,70,45,32,45,60,66,48,26
Netherlands,GMT,7,119,190,60,176,180,76,102,247,160,132,96,300
Norway,GMT,1,15,24,15,9,6,3,3,6,18,12,20,12
Norway,GMT,2,15,35,30,54,48,15,35,25,54,36,7,28
Norway,GMT,3,56,80,72,50,117,80,63,80,45,90,110,88
Norway,GMT,4,144,252,255,272,315,182,168,238,255,400,340,266
Norway,GMT,5,345,208,252,418,324,256,330,352,450,399,420,704
Norway,GMT,6,15,15,12,9,3,15,18,12,3,12,12,16
Norway,GMT,7,45,45,48,36,54,40,25,20,24,54,42,63
Poland,GMT,1,38,105,23,75,46,63,38,63,69,75,81,84
Poland,GMT,2,304,210,322,245,368,294,228,294,276,294,424,285
Poland,GMT,3,570,693,1088,740,680,504,741,630,816,740,720,425
Poland,GMT,4,1235,3120,2394,2091,1938,1144,1900,2704,2052,2460,1995,2840
Poland,GMT,5,3420,2625,1644,3848,2192,2500,2280,3750,3014,2960,3498,5814
Poland,GMT,6,38,,138,175,46,84,95,21,46,125,81,84
Poland,GMT,7,266,252,138,98,230,504,266,210,138,245,583,399
Portugal,GMT,1,15,10,18,18,48,35,15,15,12,24,28,42
Portugal,GMT,2,90,88,108,78,96,88,80,88,84,78,98,90
Portugal,GMT,3,150,256,270,190,198,240,180,240,162,190,147,154
Portugal,GMT,4,450,594,510,768,360,432,550,432,360,672,560,407
Portugal,GMT,5,690,660,828,858,432,627,780,660,576,936,924,720
Portugal,GMT,6,10,20,42,12,12,5,15,35,6,18,7,28
Portugal,GMT,7,90,110,60,130,84,88,150,66,48,65,154,165
Romania,GMT,1,50,44,60,13,36,55,10,22,72,52,14,30
Romania,GMT,2,100,176,216,182,216,88,160,110,120,156,168,360
Romania,GMT,3,420,297,180,507,504,297,210,495,468,468,252,495
Romania,GMT,4,750,1045,780,1170,1260,1265,750,880,780,650,1470,1275
Romania,GMT,5,1440,1452,1800,1326,1584,1518,1560,1188,1728,1794,1848,1620
Romania,GMT,6,30,44,60,39,72,33,20,22,48,39,42,30
Romania,GMT,7,60,154,288,182,96,110,80,110,168,286,224,270
Slovakia,GMT,1,4,12,15,3,15,12,8,9,18,9,6,8
Slovakia,GMT,2,35,45,30,36,24,25,20,40,36,36,21,42
Slovakia,GMT,3,63,128,90,90,54,96,70,56,108,170,100,121
Slovakia,GMT,4,156,168,270,256,240,266,228,224,285,192,272,437
Slovakia,GMT,5,405,368,432,361,342,304,405,336,540,551,420,308
Slovakia,GMT,6,8,12,15,9,24,9,,12,9,12,6,12
Slovakia,GMT,7,35,40,42,54,36,35,40,20,30,30,49,28
Slovenia,GMT,1,5,6,1,3,1,4,5,1,5,,1,3
Slovenia,GMT,2,20,8,10,21,10,16,14,12,20,24,24,21
Slovenia,GMT,3,33,36,68,44,32,42,33,27,56,20,48,44
Slovenia,GMT,4,90,70,114,120,120,95,100,75,66,126,119,112
Slovenia,GMT,5,186,161,126,184,154,84,138,154,161,216,184,171
Slovenia,GMT,6,2,1,3,5,6,1,4,3,4,1,4,4
Slovenia,GMT,7,12,6,18,12,24,12,18,12,16,21,12,15
Spain,GMT,1,23,75,140,90,140,100,46,100,168,30,96,136
Spain,GMT,2,460,450,440,240,550,250,506,350,550,420,256,690
Spain,GMT,3,690,380,664,1246,581,988,690,912,664,801,384,1236
Spain,GMT,4,2185,1764,2346,1192,2622,1638,1725,2142,2208,2533,3703,4644
Spain,GMT,5,4002,2265,3300,3759,3630,2718,2346,4379,3795,2864,3860,4140
Spain,GMT,6,69,100,28,90,140,50,23,150,,120,,34
Spain,GMT,7,460,450,440,300,275,250,276,400,440,180,640,345
Sweden,GMT,1,25,30,12,18,18,15,5,5,18,30,21,
Sweden,GMT,2,70,110,108,78,72,121,110,132,144,91,182,60
Sweden,GMT,3,120,112,198,228,144,96,135,112,324,266,231,132
Sweden,GMT,4,475,432,420,576,450,297,325,405,420,1152,700,518
Sweden,GMT,5,600,759,684,897,576,594,480,660,468,741,924,765
Sweden,GMT,6,20,15,12,24,42,5,25,25,18,,35,21
Sweden,GMT,7,80,77,36,65,72,88,40,77,72,91,84,75
Switzerland,GMT,1,28,4,35,30,10,12,16,16,30,15,24,12
Switzerland,GMT,2,96,81,70,40,60,72,64,45,60,70,110,84
Switzerland,GMT,3,132,156,98,208,140,104,192,91,98,160,204,144
Switzerland,GMT,4,400,374,504,546,312,418,240,308,312,442,364,480
Switzerland,GMT,5,408,572,464,651,435,390,648,572,696,620,782,612
Switzerland,GMT,6,8,4,20,15,20,8,16,16,25,25,30,30
Switzerland,GMT,7,48,90,90,80,80,72,40,54,70,110,55,96
United Kingdom,GMT,1,192,108,117,42,195,144,96,216,156,252,90,245
United Kingdom,GMT,2,585,426,546,588,390,639,455,284,468,588,819,873
United Kingdom,GMT,3,1358,1070,585,1764,2340,1819,679,963,585,1134,1768,1022
United Kingdom,GMT,4,2754,3560,3900,3587,3900,2136,2430,3382,3510,2532,3632,4131
United Kingdom,GMT,5,6630,5992,2796,6072,6990,5136,4485,4708,4893,6578,5440,9052
United Kingdom,GMT,6,96,216,78,126,117,72,224,72,39,84,180,98
United Kingdom,GMT,7,975,497,390,924,702,1065,260,497,936,504,1001,1164
Austria,Nimon,1,2,2,1,,1,1,2,,,,,
Austria,Nimon,2,2,2,,2,,2,2,2,4,2,3,6
Austria,Nimon,3,,9,12,16,3,9,,3,3,8,4,4
Austria,Nimon,4,10,20,20,24,30,10,25,5,25,,36,28
Austria,Nimon,5,25,24,30,28,36,24,20,24,24,14,48,24
Austria,Nimon,6,1,1,1,2,,,1,,,2,,
Austria,Nimon,7,,2,2,2,2,4,,6,10,2,9,
Belgium,Nimon,1,3,1,,,1,4,1,1,1,1,,
Belgium,Nimon,2,4,8,6,6,,6,2,4,3,3,6,3
Belgium,Nimon,3,6,,16,16,8,12,,4,8,8,10,10
Belgium,Nimon,4,30,30,28,14,49,24,24,18,14,35,,32
Belgium,Nimon,5,21,21,56,27,40,21,21,28,56,27,54,60
Belgium,Nimon,6,1,1,,,,,1,1,,,4,
Belgium,Nimon,7,2,4,15,6,,,2,4,6,,9,3
Bulgaria,Nimon,1,,,,2,,,1,,1,,1,
Bulgaria,Nimon,2,2,4,2,4,2,2,3,2,6,2,8,6
Bulgaria,Nimon,3,,4,9,3,3,4,12,2,15,9,15,3
Bulgaria,Nimon,4,20,12,16,10,8,12,20,16,8,20,40,5
Bulgaria,Nimon,5,20,15,20,25,20,25,28,20,35,40,24,24
Bulgaria,Nimon,6,1,1,,,,,1,1,,,,
Bulgaria,Nimon,7,1,2,,4,,6,1,,2,2,,2
Bulgaria,Nimon,1,0,,0,1,,0,,0,,1,1,3
Bulgaria,Nimon,2,2,1,1,3,,3,3,,4,1,1,1
Bulgaria,Nimon,3,1,2,1,8,4,6,1,3,,2,6,6
Bulgaria,Nimon,4,12,6,10,6,2,6,8,8,6,12,15,18
Bulgaria,Nimon,5,6,21,18,12,3,12,12,12,9,18,15,20
Bulgaria,Nimon,6,0,,,2,,0,0,,,,1,2
Bulgaria,Nimon,7,,2,1,,3,,2,1,4,1,1,
Cyprus,Nimon,1,0,,0,,,,,,,,,
Cyprus,Nimon,2,0,0,0,0,0,,0,0,,0,,
Cyprus,Nimon,3,0,0,0,0,0,0,0,0,0,0,,0
Cyprus,Nimon,4,4,3,4,5,8,1,5,3,6,3,2,
Cyprus,Nimon,5,7,9,4,3,6,4,2,4,4,2,9,6
Cyprus,Nimon,6,,0,,0,,,0,0,,0,0,
Cyprus,Nimon,7,0,,0,,0,0,,0,0,0,0,0
Czech Republic,Nimon,1,1,,3,,1,,,,3,1,,
Czech Republic,Nimon,2,2,2,9,3,3,,2,,3,6,,
Czech Republic,Nimon,3,3,8,4,4,,8,6,16,12,4,10,20
Czech Republic,Nimon,4,12,18,7,7,21,18,30,18,35,7,32,40
Czech Republic,Nimon,5,42,42,16,63,80,14,21,49,16,36,27,20
Czech Republic,Nimon,6,,,2,,,,,,,,,4
Czech Republic,Nimon,7,4,4,3,,9,6,,6,6,9,3,6
Denmark,Nimon,1,2,2,1,,3,,,1,2,,2,
Denmark,Nimon,2,3,1,,2,1,2,,,6,4,2,
Denmark,Nimon,3,2,6,,2,4,6,2,,4,,6,6
Denmark,Nimon,4,6,6,12,20,8,15,12,21,4,12,24,12
Denmark,Nimon,5,16,12,20,35,8,16,12,12,12,35,25,15
Denmark,Nimon,6,3,1,,2,2,1,1,,,1,,3
Denmark,Nimon,7,1,2,2,2,2,,3,4,2,,,
Estonia,Nimon,1,,0,,,0,,0,,0,,0,0
Estonia,Nimon,2,0,0,0,,0,0,,,0,,,0
Estonia,Nimon,3,0,0,0,0,0,0,0,,0,0,,0
Estonia,Nimon,4,2,6,4,3,6,4,5,,2,4,2,2
Estonia,Nimon,5,4,3,3,8,3,6,5,7,3,1,3,7
Estonia,Nimon,6,0,0,0,,,0,,,0,,0,
Estonia,Nimon,7,0,0,0,0,0,0,0,0,0,0,0,0
Finland,Nimon,1,0,1,2,1,,1,0,2,2,3,,1
Finland,Nimon,2,3,1,3,4,2,3,1,4,2,1,2,1
Finland,Nimon,3,3,,2,2,4,4,2,8,2,4,6,8
Finland,Nimon,4,14,6,9,6,3,9,10,18,12,12,6,12
Finland,Nimon,5,15,24,20,24,24,18,15,9,12,20,20,16
Finland,Nimon,6,0,,1,1,,1,0,,,,1,
Finland,Nimon,7,2,2,2,1,2,1,2,1,1,2,1,1
France,Nimon,1,7,14,16,,16,,14,,,,9,
France,Nimon,2,26,45,32,17,,45,,15,32,68,36,60
France,Nimon,3,,44,24,104,,66,100,44,72,,84,90
France,Nimon,4,99,72,200,86,120,108,165,108,280,129,92,147
France,Nimon,5,240,308,141,357,141,220,280,308,235,459,165,295
France,Nimon,6,,28,,,,,7,14,8,,9,
France,Nimon,7,,15,16,17,32,,26,15,32,,,
Germany,Nimon,1,,,,,10,9,,,10,,,12
Germany,Nimon,2,16,18,95,42,57,36,16,,19,21,,48
Germany,Nimon,3,48,54,29,64,29,27,72,27,87,32,68,72
Germany,Nimon,4,80,88,245,212,147,176,40,176,245,106,171,183
Germany,Nimon,5,147,106,174,378,174,424,147,371,232,252,340,292
Germany,Nimon,6,,,10,11,,,,,,,,12
Germany,Nimon,7,,36,57,,38,36,16,18,57,,,72
Greece,Nimon,1,1,1,,,,1,,1,1,,,2
Greece,Nimon,2,4,2,3,9,6,4,2,6,12,,6,3
Greece,Nimon,3,3,12,4,4,16,8,9,8,8,4,5,15
Greece,Nimon,4,5,6,28,21,14,12,20,,14,28,32,16
Greece,Nimon,5,28,21,40,18,32,35,14,21,32,36,45,20
Greece,Nimon,6,,,2,,1,1,,1,1,,,2
Greece,Nimon,7,2,,3,3,3,4,6,6,3,3,3,3
Hungary,Nimon,1,,1,,1,1,1,,2,,,1,
Hungary,Nimon,2,,,2,6,2,,4,2,,3,6,6
Hungary,Nimon,3,,9,16,8,4,3,15,9,8,8,4,8
Hungary,Nimon,4,,5,6,30,36,15,15,,42,,21,14
Hungary,Nimon,5,24,14,21,16,63,42,42,21,21,24,24,27
Hungary,Nimon,6,1,2,2,2,,1,2,,,,1,
Hungary,Nimon,7,4,2,,,2,6,,4,,3,18,3
Ireland,Nimon,1,,,1,1,,,1,1,,1,,
Ireland,Nimon,2,1,1,1,1,,,1,,1,1,4,4
Ireland,Nimon,3,4,2,,4,6,4,4,2,4,4,6,
Ireland,Nimon,4,12,21,18,9,12,9,6,12,12,21,16,16
Ireland,Nimon,5,6,9,20,16,20,9,6,9,16,28,32,20
Ireland,Nimon,6,,,,,3,1,1,2,,,,
Ireland,Nimon,7,1,,2,,2,1,2,2,1,3,2,2
Italy,Nimon,1,,,14,,7,,,,,,9,
Italy,Nimon,2,12,39,30,,,26,,39,15,48,,54
Italy,Nimon,3,,40,22,96,44,80,18,40,22,24,52,54
Italy,Nimon,4,60,66,111,160,185,198,90,165,259,320,172,46
Italy,Nimon,5,148,240,132,329,132,80,111,240,352,235,255,110
Italy,Nimon,6,,7,7,,,,18,,,8,,
Italy,Nimon,7,36,26,15,64,15,91,12,,15,64,,36
Latvia,Nimon,1,0,,,0,0,,0,,0,,0,0
Latvia,Nimon,2,,0,0,0,0,0,0,0,0,0,4,1
Latvia,Nimon,3,1,3,4,2,2,,1,,2,1,,
Latvia,Nimon,4,2,5,7,5,2,,3,1,3,2,4,2
Latvia,Nimon,5,7,7,3,12,4,4,2,4,3,4,4,14
Latvia,Nimon,6,,0,,,,0,0,0,,0,0,
Latvia,Nimon,7,,0,0,0,0,0,0,,,0,,2
Lithuania,Nimon,1,0,0,,0,,,,0,,0,,0
Lithuania,Nimon,2,3,,1,1,,2,3,1,2,,,2
Lithuania,Nimon,3,5,2,1,2,2,3,,1,3,2,3,2
Lithuania,Nimon,4,1,4,2,2,12,2,2,8,2,6,8,8
Lithuania,Nimon,5,16,2,8,6,10,6,8,8,4,2,10,12
Lithuania,Nimon,6,,,,0,,0,0,0,,,,0
Lithuania,Nimon,7,,2,,1,1,1,3,,3,,1,2
Luxembourg,Nimon,1,0,0,0,0,0,0,,,0,0,,
Luxembourg,Nimon,2,0,0,0,0,0,0,0,0,,0,0,0
Luxembourg,Nimon,3,0,0,0,0,0,0,0,0,0,0,0,0
Luxembourg,Nimon,4,0,4,4,6,2,7,0,3,3,8,6,3
Luxembourg,Nimon,5,7,5,4,5,4,5,5,3,3,2,4,6
Luxembourg,Nimon,6,0,,0,,0,,,,0,0,0,
Luxembourg,Nimon,7,,,0,,0,0,,0,0,,0,0
Malta,Nimon,1,,,,0,0,,,,,,0,0
Malta,Nimon,2,0,0,0,0,,,0,,0,0,,0
Malta,Nimon,3,,0,0,0,0,,0,0,0,0,0,0
Malta,Nimon,4,0,3,2,3,4,2,0,2,1,5,2,2
Malta,Nimon,5,2,3,5,3,7,7,5,5,2,9,3,7
Malta,Nimon,6,0,,,0,,0,,0,0,0,,0
Malta,Nimon,7,0,0,0,0,0,0,,0,0,0,0,0
Netherlands,Nimon,1,,2,,,2,,2,,,2,4,6
Netherlands,Nimon,2,6,8,,,12,4,3,16,,8,,5
Netherlands,Nimon,3,15,18,6,7,12,12,5,18,6,,21,16
Netherlands,Nimon,4,16,36,50,44,,9,16,45,40,33,60,26
Netherlands,Nimon,5,20,44,24,,12,66,60,88,60,52,56,75
Netherlands,Nimon,6,2,4,,2,,,,2,2,2,2,3
Netherlands,Nimon,7,3,8,,4,,,3,4,8,,5,10
Norway,Nimon,1,,,1,1,2,,,2,,,,
Norway,Nimon,2,2,3,2,2,1,,1,3,1,1,2,2
Norway,Nimon,3,2,12,2,4,4,8,2,,4,,,4
Norway,Nimon,4,12,,6,18,21,9,,6,6,12,4,12
Norway,Nimon,5,6,9,20,20,12,9,9,18,40,48,12,36
Norway,Nimon,6,2,1,2,1,,2,2,3,,,,3
Norway,Nimon,7,1,,2,2,2,3,2,2,2,1,1,4
Poland,Nimon,1,,4,5,10,10,,,,5,10,,
Poland,Nimon,2,8,24,,,,24,8,,27,,11,11
Poland,Nimon,3,11,52,56,30,42,13,,52,56,30,,68
Poland,Nimon,4,57,42,115,100,46,126,38,147,161,75,54,28
Poland,Nimon,5,184,125,54,30,108,75,46,175,54,60,160,170
Poland,Nimon,6,12,4,5,5,,4,,,5,,15,12
Poland,Nimon,7,8,,18,10,9,8,,,18,20,44,11
Portugal,Nimon,1,,1,1,1,,,,,2,,1,
Portugal,Nimon,2,2,2,4,3,4,4,,2,4,6,,3
Portugal,Nimon,3,3,3,8,16,4,3,6,3,4,8,8,4
Portugal,Nimon,4,15,15,12,36,18,25,15,20,18,24,21,35
Portugal,Nimon,5,36,21,21,32,21,35,24,35,28,56,32,36
Portugal,Nimon,6,1,1,,2,2,,,,,,1,1
Portugal,Nimon,7,,,2,3,2,2,16,2,,9,6,9
Romania,Nimon,1,6,4,4,6,,4,,4,,3,3,
Romania,Nimon,2,4,8,10,,15,16,8,8,15,15,,12
Romania,Nimon,3,18,14,14,24,,28,12,14,21,,24,27
Romania,Nimon,4,40,121,36,78,108,22,50,11,48,13,,45
Romania,Nimon,5,48,13,84,32,42,91,96,26,70,48,85,36
Romania,Nimon,6,,,2,,2,,,,4,6,6,6
Romania,Nimon,7,8,4,15,5,,12,12,4,10,15,12,24
Slovakia,Nimon,1,0,,,1,,3,,1,,,2,1
Slovakia,Nimon,2,,1,,1,,3,2,2,3,3,1,
Slovakia,Nimon,3,5,4,6,4,6,2,2,4,4,,2,6
Slovakia,Nimon,4,6,9,9,9,3,15,8,6,12,9,9,4
Slovakia,Nimon,5,24,6,32,8,16,15,15,15,20,8,12,24
Slovakia,Nimon,6,0,1,,,,,0,,1,1,,
Slovakia,Nimon,7,,1,1,3,1,,1,1,1,,2,
Slovenia,Nimon,1,0,,0,,,,,0,,,,
Slovenia,Nimon,2,,0,0,0,,0,0,0,,0,,1
Slovenia,Nimon,3,2,4,3,1,2,2,1,1,3,2,2,1
Slovenia,Nimon,4,4,5,1,4,4,7,7,2,4,4,5,4
Slovenia,Nimon,5,2,7,4,8,1,5,3,6,2,10,4,6
Slovenia,Nimon,6,,,0,,,,0,,0,,,
Slovenia,Nimon,7,0,,0,0,0,,0,0,0,0,1,1
Spain,Nimon,1,5,5,,,5,5,,5,,6,,7
Spain,Nimon,2,36,,22,24,22,,9,,11,12,26,28
Spain,Nimon,3,14,30,51,18,34,45,84,60,34,54,38,42
Spain,Nimon,4,69,100,168,90,84,75,92,25,112,90,64,136
Spain,Nimon,5,28,90,99,252,66,210,168,90,132,144,39,123
Spain,Nimon,6,5,,,6,,,,,,12,12,7
Spain,Nimon,7,9,40,11,12,22,10,,,11,12,,14
Sweden,Nimon,1,,3,1,2,,,,1,1,1,,1
Sweden,Nimon,2,8,2,4,3,4,,10,4,,6,12,
Sweden,Nimon,3,12,9,20,12,,3,3,6,4,,12,8
Sweden,Nimon,4,20,10,30,36,6,10,25,25,12,6,7,14
Sweden,Nimon,5,42,7,42,32,7,21,18,63,14,24,40,45
Sweden,Nimon,6,1,1,1,,,,,1,1,2,1,1
Sweden,Nimon,7,,,2,3,4,6,,4,2,9,6,3
Switzerland,Nimon,1,1,,,,1,,,,,1,,
Switzerland,Nimon,2,4,2,,2,,2,10,4,2,,4,2
Switzerland,Nimon,3,2,9,15,9,3,6,2,6,12,3,6,16
Switzerland,Nimon,4,8,28,10,20,40,4,20,8,15,10,36,18
Switzerland,Nimon,5,10,30,42,18,36,35,10,10,30,18,21,14
Switzerland,Nimon,6,1,1,1,,,2,1,3,,,1,1
Switzerland,Nimon,7,,6,,2,2,,,4,6,,2,2
United Kingdom,Nimon,1,12,14,,32,,,6,,,,18,
United Kingdom,Nimon,2,,14,32,17,16,14,39,,16,17,18,
United Kingdom,Nimon,3,114,63,46,,69,21,19,42,46,50,27,29
United Kingdom,Nimon,4,160,180,78,84,78,252,192,108,78,84,225,98
United Kingdom,Nimon,5,117,172,188,102,235,172,117,215,376,204,324,406
United Kingdom,Nimon,6,12,,,16,,7,,7,16,,,
United Kingdom,Nimon,7,26,42,32,51,,42,,14,16,17,18,19
Austria,Outter,1,6,18,6,4,18,3,9,9,6,,4,8
Austria,Outter,2,30,18,18,21,18,30,30,12,36,49,8,48
Austria,Outter,3,56,27,50,55,80,81,48,36,50,11,77,84
Austria,Outter,4,104,90,192,108,112,120,169,225,144,126,209,220
Austria,Outter,5,208,144,247,315,342,306,160,216,171,294,414,288
Austria,Outter,6,12,3,3,8,9,15,9,9,,,12,8
Austria,Outter,7,25,24,18,21,24,24,5,18,12,42,40,40
Belgium,Outter,1,6,8,12,16,4,4,12,,8,8,20,15
Belgium,Outter,2,21,28,24,63,40,42,21,35,40,54,63,40
Belgium,Outter,3,80,66,60,65,72,66,40,55,84,104,126,135
Belgium,Outter,4,160,180,200,252,240,270,208,234,220,126,230,225
Belgium,Outter,5,480,440,312,156,384,242,200,242,240,390,392,540
Belgium,Outter,6,,4,,12,12,16,6,12,8,8,15,10
Belgium,Outter,7,35,28,24,36,48,21,98,14,40,45,45,90
Bulgaria,Outter,1,,2,15,3,6,12,4,4,6,6,,3
Bulgaria,Outter,2,16,5,10,25,15,10,12,20,15,15,18,18
Bulgaria,Outter,3,24,77,64,48,56,63,48,28,72,24,99,45
Bulgaria,Outter,4,132,132,169,224,143,144,209,156,130,168,135,80
Bulgaria,Outter,5,221,196,195,240,210,182,143,140,165,160,180,171
Bulgaria,Outter,6,2,4,3,,6,4,4,4,,6,6,15
Bulgaria,Outter,7,20,5,15,5,25,50,4,30,30,10,36,24
Bulgaria,Outter,1,2,3,,2,1,1,3,2,5,2,6,2
Bulgaria,Outter,2,6,9,,9,12,12,8,9,15,3,9,28
Bulgaria,Outter,3,20,20,32,15,24,44,28,4,36,15,45,60
Bulgaria,Outter,4,54,63,77,144,84,56,54,98,98,88,56,72
Bulgaria,Outter,5,56,96,90,99,99,128,91,136,153,153,180,154
Bulgaria,Outter,6,1,3,1,4,4,3,2,4,2,8,6,4
Bulgaria,Outter,7,6,21,9,9,15,15,14,21,15,15,15,12
Cyprus,Outter,1,0,0,0,0,0,0,0,0,,0,0,0
Cyprus,Outter,2,3,3,3,3,3,3,3,7,5,4,2,2
Cyprus,Outter,3,3,1,3,11,4,3,7,7,10,6,4,4
Cyprus,Outter,4,10,30,22,36,20,22,34,24,26,30,14,30
Cyprus,Outter,5,14,28,36,14,32,30,26,20,36,20,60,39
Cyprus,Outter,6,0,0,0,,0,0,,0,0,0,0,0
Cyprus,Outter,7,2,4,7,1,4,2,7,2,4,3,5,3
Czech Republic,Outter,1,6,8,4,16,16,8,3,16,8,8,10,
Czech Republic,Outter,2,28,35,24,63,32,28,35,28,48,36,18,90
Czech Republic,Outter,3,40,99,96,78,72,55,60,44,120,117,126,195
Czech Republic,Outter,4,192,216,160,315,340,162,224,180,200,168,184,300
Czech Republic,Outter,5,340,308,336,364,288,176,260,220,408,312,504,240
Czech Republic,Outter,6,12,4,8,,12,16,9,12,12,4,10,5
Czech Republic,Outter,7,28,35,32,18,56,42,49,28,40,18,36,60
Denmark,Outter,1,,2,2,2,8,10,4,4,4,6,6,9
Denmark,Outter,2,16,16,28,45,32,28,8,4,4,40,5,20
Denmark,Outter,3,35,42,30,28,48,54,20,42,42,28,64,40
Denmark,Outter,4,90,60,99,132,66,130,144,100,88,168,169,143
Denmark,Outter,5,154,180,156,126,117,96,99,180,104,168,150,160
Denmark,Outter,6,6,,6,4,12,8,6,6,6,8,12,9
Denmark,Outter,7,12,20,8,10,16,20,12,16,44,25,30,10
Estonia,Outter,1,0,,0,0,0,0,0,0,0,0,0,0
Estonia,Outter,2,4,7,1,3,5,4,4,5,6,4,6,5
Estonia,Outter,3,3,7,5,4,7,5,8,10,6,5,6,7
Estonia,Outter,4,20,16,24,18,26,16,20,22,20,14,30,32
Estonia,Outter,5,24,16,20,30,30,34,38,28,22,28,27,48
Estonia,Outter,6,0,0,0,0,0,,0,0,0,0,,0
Estonia,Outter,7,2,2,4,4,3,7,7,,4,1,8,3
Finland,Outter,1,2,4,2,2,6,4,4,4,2,4,2,6
Finland,Outter,2,24,9,12,16,20,6,12,9,20,24,32,4
Finland,Outter,3,44,35,20,12,15,15,32,40,30,24,18,49
Finland,Outter,4,49,40,162,130,90,64,84,104,54,90,100,154
Finland,Outter,5,99,150,132,84,143,150,90,100,143,180,195,117
Finland,Outter,6,,6,2,8,2,6,2,4,,6,10,2
Finland,Outter,7,12,12,16,12,16,18,9,15,12,16,16,24
France,Outter,1,100,22,48,26,24,88,20,22,48,,28,60
France,Outter,2,80,176,188,255,188,220,200,176,188,255,330,354
France,Outter,3,236,585,781,231,426,390,590,715,710,231,498,623
France,Outter,4,1584,545,1190,1280,1190,1635,1089,654,1071,1024,1242,1480
France,Outter,5,1309,2340,1420,2618,1846,1950,1785,2210,2556,1540,1826,1602
France,Outter,6,20,66,48,78,120,44,20,44,24,156,28,30
France,Outter,7,160,,376,102,282,88,240,220,188,204,275,354
Germany,Outter,1,48,81,116,,29,81,24,27,116,96,102,36
Germany,Outter,2,98,53,290,252,174,424,49,212,232,315,612,219
Germany,Outter,3,365,880,522,570,522,240,584,400,783,760,816,545
Germany,Outter,4,2299,1330,1460,2054,1752,798,1089,1463,876,632,2380,1638
Germany,Outter,5,2190,2720,2450,2646,3325,1440,1314,2240,2800,2457,3468,3270
Germany,Outter,6,48,108,145,,29,81,48,,116,64,34,72
Germany,Outter,7,294,212,232,378,638,212,98,265,174,252,136,438
Greece,Outter,1,9,,,4,4,8,3,8,8,8,5,15
Greece,Outter,2,42,49,16,27,48,35,42,35,40,18,18,40
Greece,Outter,3,70,66,96,117,84,66,40,88,96,78,84,105
Greece,Outter,4,208,108,240,315,100,108,160,234,200,273,207,400
Greece,Outter,5,300,198,216,234,360,286,360,154,288,390,336,390
Greece,Outter,6,3,4,,4,8,8,3,,4,4,,10
Greece,Outter,7,35,14,64,45,64,42,35,14,48,63,45,60
Hungary,Outter,1,,3,,4,12,12,9,9,12,8,,8
Hungary,Outter,2,12,28,42,40,14,28,48,42,35,56,,81
Hungary,Outter,3,63,80,132,60,88,80,36,50,99,48,65,156
Hungary,Outter,4,225,240,108,57,90,192,135,144,198,114,231,198
Hungary,Outter,5,216,360,242,299,242,220,180,180,308,345,350,297
Hungary,Outter,6,6,,,,12,18,12,9,20,,12,8
Hungary,Outter,7,42,28,35,8,28,21,6,56,49,80,64,9
Ireland,Outter,1,6,2,2,4,2,,6,4,2,2,6,2
Ireland,Outter,2,21,12,12,16,24,3,9,15,4,16,28,15
Ireland,Outter,3,40,20,15,36,45,25,40,35,55,36,24,
Ireland,Outter,4,72,88,135,130,81,64,80,64,18,110,88,88
Ireland,Outter,5,144,180,154,228,165,130,72,130,121,132,143,112
Ireland,Outter,6,4,,2,6,2,2,6,4,,2,8,
Ireland,Outter,7,9,6,4,20,12,9,15,9,16,4,24,25
Italy,Outter,1,,20,110,96,44,60,18,20,22,96,78,135
Italy,Outter,2,185,240,396,94,132,120,74,120,264,188,102,330
Italy,Outter,3,385,360,528,426,264,600,550,540,660,568,462,328
Italy,Outter,4,1274,1500,880,1428,1320,600,728,1300,1320,952,640,1781
Italy,Outter,5,1320,968,1965,1704,1703,1815,1980,1089,1310,1846,1683,1804
Italy,Outter,6,,,110,72,22,20,54,80,22,144,78,
Italy,Outter,7,148,120,308,94,176,80,74,120,264,329,204,220
Latvia,Outter,1,2,4,3,2,2,2,3,5,,1,1,1
Latvia,Outter,2,5,5,6,2,4,5,1,7,3,18,8,6
Latvia,Outter,3,10,6,12,12,28,34,12,12,12,10,16,21
Latvia,Outter,4,33,24,36,48,60,33,30,30,20,8,48,56
Latvia,Outter,5,44,76,44,65,44,32,56,56,68,70,55,50
Latvia,Outter,6,,5,3,3,,,2,4,2,2,4,1
Latvia,Outter,7,3,5,6,8,3,3,6,2,6,6,6,6
Lithuania,Outter,1,3,2,1,2,1,1,1,,,2,4,
Lithuania,Outter,2,6,4,10,14,12,8,8,10,2,22,14,24
Lithuania,Outter,3,27,27,15,12,15,12,18,18,15,9,24,36
Lithuania,Outter,4,52,55,40,42,70,60,28,45,80,66,24,91
Lithuania,Outter,5,65,78,60,42,120,60,50,102,78,63,120,72
Lithuania,Outter,6,,2,,2,2,3,2,1,3,1,1,1
Lithuania,Outter,7,12,8,8,12,10,14,10,12,16,8,8,12
Luxembourg,Outter,1,0,0,0,0,0,0,0,0,0,0,0,
Luxembourg,Outter,2,5,4,6,6,6,8,7,7,7,7,6,7
Luxembourg,Outter,3,6,10,14,4,4,10,8,9,9,6,10,10
Luxembourg,Outter,4,11,20,28,22,10,14,13,8,14,32,20,26
Luxembourg,Outter,5,28,10,22,16,22,22,26,32,36,24,27,39
Luxembourg,Outter,6,0,0,0,0,0,0,0,0,0,0,0,0
Luxembourg,Outter,7,3,7,3,2,4,5,3,2,3,2,9,2
Malta,Outter,1,0,0,0,0,0,,0,0,0,0,0,0
Malta,Outter,2,5,5,5,2,4,4,5,5,5,3,3,3
Malta,Outter,3,13,9,8,7,5,7,4,10,8,6,4,10
Malta,Outter,4,15,18,22,28,32,22,7,20,20,22,14,20
Malta,Outter,5,28,20,40,22,30,24,26,28,24,22,51,24
Malta,Outter,6,0,0,0,,0,0,0,0,0,0,,0
Malta,Outter,7,4,2,4,2,5,6,3,8,4,5,3,7
Netherlands,Outter,1,15,,,28,,6,25,12,18,28,14,
Netherlands,Outter,2,60,77,60,52,96,55,10,11,48,78,112,60
Netherlands,Outter,3,120,85,54,80,180,102,120,85,72,120,126,138
Netherlands,Outter,4,325,224,279,462,372,308,375,280,217,462,468,190
Netherlands,Outter,5,558,544,296,640,185,374,341,510,222,360,430,736
Netherlands,Outter,6,,18,24,21,6,6,10,,6,14,14,32
Netherlands,Outter,7,40,88,48,52,24,44,30,55,48,13,56,45
Norway,Outter,1,,6,4,4,6,4,4,4,4,6,,4
Norway,Outter,2,21,12,24,20,40,15,3,12,8,20,24,32
Norway,Outter,3,16,15,20,24,25,50,32,25,10,18,30,42
Norway,Outter,4,91,64,81,140,108,80,91,120,126,90,150,143
Norway,Outter,5,135,130,99,144,77,130,126,90,154,132,156,234
Norway,Outter,6,4,10,,4,2,8,2,6,8,2,8,
Norway,Outter,7,18,15,,12,20,12,15,18,12,12,16,12
Poland,Outter,1,11,26,14,30,14,52,33,13,28,45,32,34
Poland,Outter,2,,75,216,180,54,50,138,50,81,180,,170
Poland,Outter,3,272,152,451,308,164,304,408,114,164,132,240,255
Poland,Outter,4,741,693,340,666,1020,441,570,756,1224,740,1040,850
Poland,Outter,5,1564,675,1230,890,984,750,1088,1575,1394,712,1632,1632
Poland,Outter,6,,26,14,15,14,13,33,,42,30,16,34
Poland,Outter,7,184,125,54,60,135,250,23,125,81,90,160,136
Portugal,Outter,1,,12,16,20,12,12,12,3,,16,16,4
Portugal,Outter,2,42,21,35,24,21,28,42,21,,24,16,
Portugal,Outter,3,36,60,88,60,88,40,45,90,77,48,78,52
Portugal,Outter,4,135,176,216,133,162,224,165,208,288,209,294,242
Portugal,Outter,5,324,200,242,368,308,340,198,220,374,345,350,432
Portugal,Outter,6,9,6,4,4,16,12,6,,8,8,4,12
Portugal,Outter,7,36,56,35,32,21,28,12,21,28,40,16,27
Romania,Outter,1,18,21,14,,14,35,18,35,7,8,8,
Romania,Outter,2,36,26,42,32,70,52,36,52,70,128,136,18
Romania,Outter,3,144,180,242,69,66,160,72,100,176,92,250,189
Romania,Outter,4,270,363,324,195,432,330,210,429,144,273,210,675
Romania,Outter,5,432,480,903,705,516,520,432,480,516,611,550,378
Romania,Outter,6,6,35,14,8,21,14,6,21,7,24,8,18
Romania,Outter,7,36,104,70,48,28,52,48,65,42,48,34,54
Slovakia,Outter,1,1,,6,,6,4,1,4,10,6,6,6
Slovakia,Outter,2,3,9,36,16,24,12,12,18,4,32,20,16
Slovakia,Outter,3,24,30,55,42,30,30,44,40,15,30,36,35
Slovakia,Outter,4,126,72,99,110,45,80,84,88,54,110,160,99
Slovakia,Outter,5,126,120,154,96,143,150,90,180,143,96,91,156
Slovakia,Outter,6,1,4,4,,6,2,4,6,2,2,2,2
Slovakia,Outter,7,21,9,12,28,16,24,9,6,20,28,16,28
Slovenia,Outter,1,1,3,4,2,,2,1,4,4,3,1,3
Slovenia,Outter,2,4,7,4,12,3,3,3,2,3,2,8,6
Slovenia,Outter,3,16,6,16,8,12,14,14,8,12,4,16,24
Slovenia,Outter,4,30,42,44,40,60,24,36,51,48,48,36,32
Slovenia,Outter,5,64,44,36,70,72,52,48,56,56,70,60,45
Slovenia,Outter,6,1,2,3,1,1,1,1,5,2,4,3,3
Slovenia,Outter,7,2,10,3,8,5,2,,5,5,10,4,2
Spain,Outter,1,28,15,51,,,15,42,30,68,18,38,84
Spain,Outter,2,84,120,198,180,198,180,168,30,231,144,117,123
Spain,Outter,3,328,270,300,378,300,495,205,135,350,432,754,186
Spain,Outter,4,828,836,1411,445,664,760,828,1216,249,979,672,721
Spain,Outter,5,1079,819,1089,1391,990,1001,1245,1274,1485,1177,1276,1240
Spain,Outter,6,42,15,17,36,17,45,14,15,17,18,38,63
Spain,Outter,7,168,180,132,72,99,120,84,90,165,252,117,41
Sweden,Outter,1,3,3,8,4,4,9,6,6,16,,8,8
Sweden,Outter,2,12,56,56,8,21,28,18,21,21,16,16,63
Sweden,Outter,3,63,70,99,48,88,90,99,80,110,108,52,65
Sweden,Outter,4,150,160,180,114,180,96,120,192,162,228,105,308
Sweden,Outter,5,252,320,176,207,264,240,252,180,308,207,200,216
Sweden,Outter,6,6,6,12,8,12,6,3,9,,8,4,12
Sweden,Outter,7,36,42,56,64,21,21,12,28,28,48,32,36
Switzerland,Outter,1,,,9,12,6,6,8,3,3,12,6,4
Switzerland,Outter,2,20,20,42,,30,20,20,20,36,12,35,28
Switzerland,Outter,3,84,48,36,36,36,48,28,40,72,54,60,55
Switzerland,Outter,4,156,78,182,224,168,78,84,182,182,176,221,180
Switzerland,Outter,5,252,176,221,209,136,240,182,144,204,266,120,220
Switzerland,Outter,6,2,,6,12,15,3,2,9,6,12,,8
Switzerland,Outter,7,10,30,24,30,30,10,5,40,24,42,7,35
United Kingdom,Outter,1,38,42,46,50,46,,,84,23,50,54,29
United Kingdom,Outter,2,78,86,376,306,,172,273,258,141,102,216,116
United Kingdom,Outter,3,406,384,280,456,280,448,464,448,420,760,410,792
United Kingdom,Outter,4,970,1391,936,630,1638,1070,485,1498,1053,1638,408,1460
United Kingdom,Outter,5,1755,1536,980,1976,2660,2432,1521,1024,2100,1216,1467,1750
United Kingdom,Outter,6,57,42,69,50,23,,,42,92,50,108,87
United Kingdom,Outter,7,117,86,94,357,188,172,156,172,235,153,54,348
